192,206
194,221
197,231
202,240
208,253
212,260
215,265
220,273
224,278
227,280
230,283
232,286
234,288
236,289
241,293
244,296
246,297
252,299
257,300
265,300
278,300
284,300
294,296
306,286
324,264
345,236
355,222
358,216
361,211
362,206
365,204
365,202
365,202
366,202
371,202
376,202
381,202
391,202
397,206
403,213
408,220
414,229
419,235
423,242
427,251
429,258
433,265
440,277
442,282
444,287
446,292
448,295
450,298
450,299
450,301
450,302
450,305
